,precision,recall,f1_score
0,0.9995455260535929,0.9989518369058226,0.9992485932967532
