,precision,recall,f1_score
0,0.5047033772674591,0.3919208832609492,0.4412189188074718
