,precision,recall,f1_score
0,0.9996951219512196,0.9993142857142857,0.9995046675557249
