,precision,recall,f1_score
0,0.859429328329378,0.804879309453662,0.8312603427107244
