,precision,recall,f1_score
0,0.9998858056412013,0.9982898187207844,0.9990871748060246
