,precision,recall,f1_score
0,0.3224654757977094,0.5928533518191567,0.4177227265615759
